Student_ID,Sponsor_Name
RH-0002,Dallas Rodriguez
RH-0003,Federico Gonzalez
RH-0006,Federico Gonzalez
RH-0007,Pema Richeson
RH-0008,Nicole Cambre
RH-0011,Christine & Aaron Harris-Spinks
RH-0013,Mary Duerksen Sklar
RH-0016,Bonnie Tinsley
RH-0019,Angela Richard
RH-0022,Federico Gonzalez
RH-0023,Vivien Valdespino
RH-0024,Katherine Branche
RH-0027,Raelynn Shelite
RH-0028,Nicole Cambre
RH-0029,Christine Montonna
RH-0030,Julie Casey
RH-0031,Federico Gonzalez
RH-0033,Federico Gonzalez
RH-0034,Julie Casey
RH-0039,Harper Garrett
RH-0040,Micheal Steinke
RH-0044,Beth Salvaggio
RH-0048,Nicole Cambre
RH-0049,Federico Gonzalez
RH-0050,Isa Valdespino
RH-0053,Jack & Jen Spittler