Date,School_Year,Student_ID,Name,School,Class,Term1_Score,Term2_Score,Term3_Score
9/6/29,2025_2026,RH-0001,Akeza Matambi Shakira,SAINTE MARIE REINE,S4,50.4,56.4,50.6
9/6/29,2025_2026,RH-0002,Biramahire Fabrice,GS KIVUGIZA,P5,57.1,49.7,46.4
9/6/29,2025_2026,RH-0003,Biramahire Frank,SAINTE MARIE REINE,S4,62.54,59.22,73.95
9/6/29,2025_2026,RH-0004,Cyizere Salim,CYAHAFI,S5,0,0,68.1
9/6/29,2025_2026,RH-0005,Cyuzuzo Aliane,ES RUGABANO,S5,70.1,68.7,70.3
9/6/29,2025_2026,RH-0006,Dusabimana Dativa,SAINTE BERNADETTE,P2,0,0,0
9/6/29,2025_2026,RH-0007,Fayida Leoncie,GS KIVUGIZA,P3,0,0,0
9/6/29,2025_2026,RH-0008,Gisubizo Germaine,GS AKUMUNIGO,S6,64.1,55.1,0
9/6/29,2025_2026,RH-0009,Igihozo Louange,EP NTWALI,P6,47,43,50
9/6/29,2025_2026,RH-0010,Igihozo Tessy Olga,GS KIVUGIZA,P1,0,0,0
9/6/29,2025_2026,RH-0011,Igirimpuhwe Keza Nancy,GS TABAGWE,S5,64.7,57.3,60.4
9/6/29,2025_2026,RH-0012,Ingabire Sonia,GS,,0,0,0
9/6/29,2025_2026,RH-0013,Iradukunda Diane,GS KIVUGIZA,S1,57.4,54.9,53.8
9/6/29,2025_2026,RH-0014,Irakoze Ganza Shallom,EP  NTWALI,P1,0,0,0
9/6/29,2025_2026,RH-0015,Ishimwe Shallon Eliane,EP  NTWALI,P1,26,19,22
9/6/29,2025_2026,RH-0016,Isimbi Kellia,GS KIVUGIZA,,0,0,0
9/6/29,2025_2026,RH-0017,Izuwayo Chancerine,GS KIVUGIZA,P5,85.8,80,76.7
9/6/29,2025_2026,RH-0018,Kwizera Radju Foranny,GS KIVUGIZA,P6,63.7,54.9,64.8
9/6/29,2025_2026,RH-0019,Matabaro Jacques,GS CAMP KIGALI,S4,69.8,66.5,68.1
9/6/29,2025_2026,RH-0020,Mugisha Olivia,GS KIVUGIZA,ECD 3,0,0,0
9/6/29,2025_2026,RH-0021,Mugisha Raoul,GS AKUMUNIGO,Level3,59.19,55.7,67.9
9/6/29,2025_2026,RH-0022,Muhubiri Nestor,MUTOVU,Level 5,75.46,60.3,0
9/6/29,2025_2026,RH-0023,Mukamwiza Jessica,GS KIVUGIZA,P5,58.8,57,53.8
9/6/29,2025_2026,RH-0024,Mukeshimana Denyse,MUHANGA TECHNICAL CENTER,Level 4,81.75,76.77,78.2
9/6/29,2025_2026,RH-0025,Munezero Fabienne,EP NTWALI,P4,47,34,42
9/6/29,2025_2026,RH-0026,Murengezi Benefils,GS,,0,0,0
9/6/29,2025_2026,RH-0027,Mushimiyimana Clarisse,GS,,0,0,0
9/6/29,2025_2026,RH-0028,Nikuze Dusabe,GS AKUMUNIGO,Level 4,61.87,58.4,73.8
9/6/29,2025_2026,RH-0029,Nishimwe Yvette,GS,,0,0,0
9/6/29,2025_2026,RH-0030,Niyomutoni Marie Claudette,GS,,0,0,0
9/6/29,2025_2026,RH-0031,Niyomwungeri Christian,ACEJ KARAMA,Level 4,68,72,77.8
9/6/29,2025_2026,RH-0032,Niyonkuru Beline,SAINTE MARIE REINE,,0,0,0
9/6/29,2025_2026,RH-0033,Nsengiyaremye Eric,ES RWAHI,Level 4,71.5,67.5,76.3
9/6/29,2025_2026,RH-0034,Nshimiyumukiza Evatom,GS KIVUGIZA,S3,48.1,42.6,0
9/6/29,2025_2026,RH-0035,Rucogoza Yvan,AUTO ECOLE SAINTE FAMILLE RULINDO,Level 3,0,80.2,0
9/6/29,2025_2026,RH-0036,UWIRAGIYE Sezar Kenny,GS KIVUGIZA,P6,62,60,69
9/6/29,2025_2026,RH-0037,Tugerageze Assouman,GS KIVUGIZA,P5,45,56,61
9/6/29,2025_2026,RH-0038,Tuyishime Bertin,ES RWAHI,Level 5,60.67,60.3,0
9/6/29,2025_2026,RH-0039,Tuyizere Amani,GS KIVUGIZA,S3,48.3,37.1,0
9/6/29,2025_2026,RH-0040,Twiringiyimana Viateur,GS KIVUGIZA,P5,54.1,52.4,54.9
9/6/29,2025_2026,RH-0041,Umuhire Chance,GS SHYOGWE,S5,66.3,67.5,70.3
9/6/29,2025_2026,RH-0042,Umuhoza Queen Morgan,GS,,0,0,0
9/6/29,2025_2026,RH-0043,Umurerwa Samuel,GS KIVUGIZA,S3,70.7,65.1,66.9
9/6/29,2025_2026,RH-0044,Umutesi Nadine   1,GS KIVUGIZA,P6,65.9,63.3,0
9/6/29,2025_2026,RH-0045,Umwari Sharapova,EP GITEGA,P3,59,52,35
9/6/29,2025_2026,RH-0046,Usanase Betty,SAINTE BERNADETTE,,0,0,0
9/6/29,2025_2026,RH-0047,Usanase Ornella,GS KIVUGIZA,P4,57.6,50,44
9/6/29,2025_2026,RH-0048,Uwase Asumma,SAINTE MARIE REINE,S3,44.8,47.15,0
9/6/29,2025_2026,RH-0049,Uwase Raissa,SAINTE BERNADETTE,S2,46.6,52.5,47.8
9/6/29,2025_2026,RH-0050,Uwimanikunda Latifa,GS KIVUGIZA,P6,59.7,49.6,60.1
9/6/29,2025_2026,RH-0051,Uwimana Ganza Kennedy,GS KIVUGIZA,P3,55,36,41
9/6/29,2025_2026,RH-0052,Uwimana Innocent,AUTO ECOLE SAINTE FAMILLE RULINDO,Level 3,0,0,0
9/6/29,2025_2026,RH-0053,Uwimfura Vanessa,APPEC REMERA RUKOMA,,0,0,0
9/6/29,2025_2026,RH-0054,Uwituze Jean Baptiste,GS KIVUGIZA,,0,0,0
9/6/29,2025_2026,RH-0055,Uwingeneye Shadia,GS KIVUGIZA,P3,73.5,52,48
9/6/29,2025_2026,RH-0056,Cyomoro Yvan,GS NTWALI,P2,0,0,0
9/6/29,2025_2026,RH-0057,Uwihirwe Mugisha Bertrand,GS NTWALI,P1,0,0,0
9/6/29,2025_2026,RH-0058,Uwimana Sumaya,EP NTWALI,P1,0,0,0
9/6/29,2025_2026,RH-0059,Umurerwa Naila,GS NTWALI,P1,0,0,0
9/6/29,2025_2026,RH-0060,Irakoze Ganza Yvan,GS,,0,0,0
9/6/29,2025_2026,RH-0061,Rwema Hani Haydari,GEJURU KIBONDO,ECD 1,0,0,0
9/6/29,2025_2026,RH-0062,Kirenga Sano Prince,ECD IKIZERE,ECD 2,0,0,0
9/6/29,2025_2026,RH-0063,Irankunda Lucas ,GS AKUMUNIGO,P1,0,0,0
9/6/29,2025_2026,RH-0064,Kaliza Hirwa Gabriel,GS,,0,0,0
9/6/29,2025_2026,RH-0065,Karabo Hirwa Michael,GS,,0,0,0
9/6/29,2025_2026,RH-0066,Dusabimana cyiza Sharif,ECD UTUNYANJYE RWAMPARA,ECD 1,0,0,0
9/6/29,2025_2026,RH-0067,Gisa Clement Yvan,GS,,0,0,0
9/6/29,2025_2026,RH-0068,Mugisha Cyusa Brian,GS CAMP KIGALI,ECD 3,0,0,0
9/6/29,2025_2026,RH-0069,Mahirwe William,ECD C.E.A.P.S,ECD 2,0,0,0
9/6/29,2025_2026,RH-0070,Hirwa Sammy Girrifni Willy,GS,,0,0,0
9/6/29,2025_2026,RH-0071,Ibyishaka Fabrice ,GS,,0,0,0
9/6/29,2025_2026,RH-0072,Shimwa Ganza Chris,GS,,0,0,0
9/6/29,2025_2026,RH-0073,Ineza Kessy Pamella,GS KIVUGIZA,ECD 3,0,0,0
9/6/29,2025_2026,RH-0074,Ishimwe Fiette ,GS AKAMUNIGO,P3,0,0,0
9/6/29,2025_2026,RH-0075,Mbabazi Husna,GS KIVUGIZA,S3,0,0,0
9/6/29,2025_2026,RH-0076,Igihozo Joselyne,GS RUGARAMA,P4,0,0,0
9/6/29,2024_2025,RH-0002,Biramahire Fabrice ,GS,,0,0,0
9/6/29,2024_2025,RH-0003,Biramahire Frank ,SAINTE MARIE REINE,S4,55.5,49.43,0
9/6/29,2024_2025,RH-0004,Cyizere Salim  ,GS KIVUGIZA,S3,60.28,63.35,79.45
9/6/29,2024_2025,RH-0005,Cyuzuzo Aliane  ,GS KIVUGIZA,S3,65.25,57.97,62.17
9/6/29,2024_2025,RH-0006,Dusabimana Dativa   ,GS,,65.1,62.2,61.4
9/6/29,2024_2025,RH-0007,Fayida Leoncie   ,GS KIVUGIZA,S2,51.5,45.3,0
9/6/29,2024_2025,RH-0008,Gisubizo Germaine  ,GS AKUMUNIGO,S4,73.3,56,64
9/6/29,2024_2025,RH-0011,Igirimpuhwe Keza Nancy  ,ES MUKONO EAR,S3,59.76,57.34,67.34
9/6/29,2024_2025,RH-0013,Iradukunda Diane  ,GS,,0,0,0
9/6/29,2024_2025,RH-0017,Izuwayo Chancerine 1,GS,,0,0,0
9/6/29,2024_2025,RH-0018,Kwizera Radju Foranny 1,GS,,0,0,0
9/6/29,2024_2025,RH-0019,Matabaro Jacques   1,GS CAMP KIGALI,,42.7,61,0
9/6/29,2024_2025,RH-0021,Mugisha Raoul  1,SAINTE MARIE REINE,,0,34.43,0
9/6/29,2024_2025,RH-0022,Muhubiri Nestor  1,MUTOVU TSS,,81.63,79.8,0
9/6/29,2024_2025,RH-0023,Mukamwiza Jessica 1,GS,,0,0,0
9/6/29,2024_2025,RH-0024,Mukeshimana Denyse  1,GS CAMP KIGALI,,76.5,77.93,76.32
9/6/29,2024_2025,RH-0026,Murengezi Benefils  1,APEBU NYAMATA,,82.7,0,0
9/6/29,2024_2025,RH-0027,Mushimiyimana Clarisse 1,GS,,0,0,0
9/6/29,2024_2025,RH-0028,Nikuze Dusabe    1,GS KIVUGIZA,,61.3,64.65,61.12
9/6/29,2024_2025,RH-0029,Nishimwe Yvette    1,GS CAMP KIGALI,,76.7,0,0
9/6/29,2024_2025,RH-0030,Niyomutoni Marie Claudette 1,CEFOTRAR,,0,0,0
9/6/29,2024_2025,RH-0031,Niyomwungeri Christian   1,EAV MAYAGA,Level 4,71,65.9,74.5
9/6/29,2024_2025,RH-0033,Nsengiyaremye Eric  1,ES RWAHI,Level 4,72.44,67,75.85
9/6/29,2024_2025,RH-0034,Nshimiyumukiza Evatom    1,GS KIVUGIZA,,0,0,0
9/6/29,2024_2025,RH-0035,Rucogoza Yvan       1,SAINTE BERNADETTE,,0,0,0
9/6/29,2024_2025,RH-0038,Tuyishime Bertin,ES RWAHI,Level 5,71.05,62.86,79.41
9/6/29,2024_2025,RH-0039,Tuyizere Amani       1,GS KIVUGIZA,S3,39.8,37.5,0
9/6/29,2024_2025,RH-0040,Twiringiyimana Viateur   1,GS KIVUGIZA,,0,0,0
9/6/29,2024_2025,RH-0041,Umuhire Chance    1,ESSHB RASHID,,53.8,60.7,67.7
9/6/29,2024_2025,RH-0043,Umurerwa Samuel   1,GS KIVUGIZA,,65.3,64.2,58.9
9/6/29,2024_2025,RH-0044,Umutesi Nadine   1,GS KIVUGIZA,,0,0,0
9/6/29,2024_2025,RH-0048,Uwase Asumma      1,GS,,30.8,29.59,0
9/6/29,2024_2025,RH-0049,Uwase Raissa       1,GS KIVUGIZA,,44.7,58.7,58.7
9/6/29,2024_2025,RH-0050,Uwimanikunda Latifa    1,GS KIVUGIZA,,0,0,0
9/6/29,2024_2025,RH-0052,Uwimana Innocent   1,GS KIVUGIZA,,0,0,0
9/6/29,2024_2025,RH-0053,Uwimfura Vanessa       1,COLLEGE DE NKANKA,,71.8,68.6,74.1
9/6/29,2024_2025,RH-0054,Uwituze Jean Baptiste    1,GS,,0,0,0
9/6/29,2024_2025,RH-0075,Fayida Leoncie   1,GS,,0,0,0
9/6/29,2024_2025,RH-0077,Nibeza ELVIS 1,GS,,0,0,0
9/6/29,2024_2025,RH-0078,Ishimwe Prince  1,GS KIVUGIZA,,0,0,0
9/6/29,2023_2024,RH-0002,Biramahire Fabrice 1,GS KIVUGIZA,,53.1,49.9,48.5
9/6/29,2023_2024,RH-0003,Biramahire Frank 1,SAINTE MARIE REINE,,59.2,57.8,56.2
9/6/29,2023_2024,RH-0004,Cyizere Salim  1,GS KIVUGIZA,,37.7,38.4,0
9/6/29,2023_2024,RH-0005,Cyuzuzo Aliane  1,GS KIVUGIZA,,55.4,48.8,0
9/6/29,2023_2024,RH-0006,Dusabimana Dativa   1,GS KIVUGIZA,,67.4,61.9,68.1
9/6/29,2023_2024,RH-0007,Fayida Leoncie   1,GS KIVUGIZA,,50.4,54.4,56.8
9/6/29,2023_2024,RH-0008,Gisubizo Germaine  1,GS AKUMUNIGO,,42.74,52.7,61.47
9/6/29,2023_2024,RH-0011,Igirimpuhwe Keza Nancy  1,ES MUKONO EAR,,54.1,48.2,0
9/6/29,2023_2024,RH-0013,Iradukunda Diane  1,GS KIVUGIZA,,55.1,60.7,47.8
9/6/29,2023_2024,RH-0018,Kwizera Radju Foranny 1,GS KIVUGIZA,,52.9,53.3,49
9/6/29,2023_2024,RH-0019,Matabaro Jacques   1,GS CAMP KIGALI,,37.8,35.7,0
9/6/29,2023_2024,RH-0021,Mugisha Raoul  1,SAINTE MARIE REINE,,29.9,34.9,41.8
9/6/29,2023_2024,RH-0022,Muhubiri Nestor  1,MUTOVU TSS,,89.63,83.26,77.8
9/6/29,2023_2024,RH-0023,Mukamwiza Jessica   1,GS KIVUGIZA,,54.4,60.6,56.9
9/6/29,2023_2024,RH-0024,Mukeshimana Denyse  1,GS CAMP KIGALI,,50.3,0,0
9/6/29,2023_2024,RH-0026,Murengezi Benefils  1,APEBU NYAMATA,,85.8,87,80.5
9/6/29,2023_2024,RH-0027,Mushimiyimana Clarisse 1,GS KIVUGIZA,,37,0,0
9/6/29,2023_2024,RH-0028,Nikuze Dusabe    1,GS KIVUGIZA,,48.4,47,0
9/6/29,2023_2024,RH-0029,Nishimwe Yvette    1,GS CAMP KIGALI,,45.4,33.3,0
9/6/29,2023_2024,RH-0030,Niyomutoni Marie Claudette 1,CEFOTRAR,,87.2,86.9,0
9/6/29,2023_2024,RH-0031,Niyomwungeri Christian   1,EAV MAYAGA,,69.5,68.3,0
9/6/29,2023_2024,RH-0033,Nsengiyaremye Eric  1,ES RWAHI,,51.04,59.51,0
9/6/29,2023_2024,RH-0034,Nshimiyumukiza Evatom    1,GS KIVUGIZA,,37.1,43.9,52.8
9/6/29,2023_2024,RH-0035,Rucogoza Yvan       1,SAINTE BERNADETTE,,48.3,0,0
9/6/29,2023_2024,RH-0038,Tuyishime Bertin  1,ES RWAHI,,58.97,68.04,64.24
9/6/29,2023_2024,RH-0039,Tuyizere Amani       1,GS KIVUGIZA,,40.8,52.2,48.2
9/6/29,2023_2024,RH-0040,Twiringiyimana Viateur   1,GS KIVUGIZA,,25.5,31.9,47.1
9/6/29,2023_2024,RH-0041,Umuhire Chance    1,ESSHB RASHIDGS ,,65.6,57.4,62.3
9/6/29,2023_2024,RH-0043,Umurerwa Samuel   1,GS KIVUGIZA,,67.1,61.9,62.6
9/6/29,2023_2024,RH-0044,Umutesi Nadine   1,GS KIVUGIZA,,67.1,70.3,62.9
9/6/29,2023_2024,RH-0048,Uwase Asumma      1,SAINTE MARIE REINE,,36.8,39.2,39.4
9/6/29,2023_2024,RH-0049,Uwase Raissa       1,GS KIVUGIZA,,42.7,45.7,0
9/6/29,2023_2024,RH-0050,Uwimanikunda Latifa    1,GS KIVUGIZA,,62.4,62.2,52.6
9/6/29,2023_2024,RH-0052,Uwimana Innocent   1,GS KIVUGIZA,,49,53.3,56
9/6/29,2023_2024,RH-0053,Uwimfura Vanessa       1,COLLEGE DE NKANKA,,53.79,54.23,0
9/6/29,2023_2024,RH-0075,Fayida Leoncie   1,GS KIVUGIZA,,50.4,54.4,56.8
9/6/29,2023_2024,RH-0078,Ishimwe Prince  1,GS KIVUGIZA,,23.6,42.7,48.3
9/6/29,2022_2023,,,GS,,0,0,0
9/6/29,2022_2023,RH-0002,Biramahire Frank,GS KIVUGIZA,,65.8,64.1,71.3
9/6/29,2022_2023,RH-0003,Biramahire Fabrice,GS KIVUGIZA,,69.5,87.2,73.6
9/6/29,2022_2023,RH-0004,Cyizere Salimu,GS KIVUGIZA,,22.5,41.7,40
9/6/29,2022_2023,RH-0005,Cyuzuzo Aliane,GS KIVUGIZA,,41,45.13,42.3
9/6/29,2022_2023,RH-0006,Dusabimana Dativa,GS KIVUGIZA,,39.8,29.8,37.1
9/6/29,2022_2023,RH-0007,Fayida Leoncie,GS KIVUGIZA,,45.5,46.5,52.6
9/6/29,2022_2023,RH-0008,Gisubizo Germaine,GS KIVUGIZA,,62,57.5,56.6
9/6/29,2022_2023,RH-0011,Igirimpuhwe Keza,GS KIVUGIZA,,47.3,41.8,50.6
9/6/29,2022_2023,RH-0013,Iradukunda Diane,GS KIVUGIZA,,23.3,41.7,46.8
9/6/29,2022_2023,RH-0018,Kwizera Raju Foranny,GS GITEGA,,74.3,58,66.2
9/6/29,2022_2023,RH-0019,Matabaro Jacques,GS KIVUGIZA,,43.2,49.5,56.5
9/6/29,2022_2023,RH-0021,Mugisha Raoul,GS KIVUGIZA,,53.6,43.7,49.5
9/6/29,2022_2023,RH-0022,Muhubiri Nesta,ES MUKONO EAR,,51.8,63.6,59.6
9/6/29,2022_2023,RH-0023,Mukamwiza Jessica,GS KIVUGIZA,,56.5,43.3,44.3
9/6/29,2022_2023,RH-0024,Mukeshimana Denyse,GS KIVUGIZA,,49,55.5,52
9/6/29,2022_2023,RH-0027,Mushimiyimana Clarisse,GS KIVUGIZA,,43.7,33.1,44
9/6/29,2022_2023,RH-0028,Nikuze Dusabe,GS KIVUGIZA,,45.4,43.9,53.3
9/6/29,2022_2023,RH-0029,Nishimwe Yvette,GS KIVUGIZA,,43.6,43.2,50
9/6/29,2022_2023,RH-0030,Marie Claudette Niyomutoni,GS KIVUGIZA,,64.7,56.4,63.8
9/6/29,2022_2023,RH-0031,Niyomungeri Christian,GS KIVUGIZA,,54.6,61.5,65.6
9/6/29,2022_2023,RH-0033,Nsengiyaremye Eric,GS KIVUGIZA,,70.1,64.1,70.2
9/6/29,2022_2023,RH-0034,Nshimiyumukiza Evatom,GS KIVUGIZA,,29,36,56.3
9/6/29,2022_2023,RH-0035,Rucogoza Yvan,GS KIVUGIZA,,31.6,40.6,38
9/6/29,2022_2023,RH-0038,Tuyishime Bertin,GS CAMP KIGALI,,50,51.2,60
9/6/29,2022_2023,RH-0039,Tuyizere Amani,GS KIVUGIZA,,56.3,44.7,51.5
9/6/29,2022_2023,RH-0040,Twiringiyimana Viateur,GS KIVUGIZA,,47.6,19.2,22.5
9/6/29,2022_2023,RH-0043,Umurerwa Samuel,GS KIVUGIZA,,76.7,70.3,78.8
9/6/29,2022_2023,RH-0044,Umutesi Nadine,GS KIVUGIZA,,72.3,95.7,90.3
9/6/29,2022_2023,RH-0048,Uwase Asuma,GS KIVUGIZA,,55.6,53.1,64.1
9/6/29,2022_2023,RH-0049,Uwase Raissa,GS KIVUGIZA,,30.5,27.8,40.1
9/6/29,2022_2023,RH-0050,Uwimanikunda Latifa,GS KIVUGIZA,,40,44.5,35
9/6/29,2022_2023,RH-0052,Uwimana Innocent,GS KIVUGIZA,,72,58,55.6
9/6/29,2022_2023,RH-0053,Uwimfura Vanessa,GS KIVUGIZA,,60.1,54,60.7
9/6/29,2022_2023,RH-0078,Ishimwe Prince,GS KIVUGIZA,,48.1,44,52.1
9/6/29,2022_2023,RH-0079,Kampire Adelphine,GS KIVUGIZA,,22.7,23.3,27.8
9/6/29,2022_2023,RH-0080,Latifa Nzayisenga,GS KIVUGIZA,,46.8,51.5,49
9/6/29,2022_2023,RH-0081,Mugisha Zidan,GS KIVUGIZA,,40,44.25,43.2
9/6/29,2022_2023,RH-0082,Muteteri Rachel,GS KIVUGIZA,,46,58.3,54.2
9/6/29,2022_2023,RH-0083,Tuwayisi Reponse,GS KIVUGIZA,,56.3,42.2,43.7
9/6/29,2022_2023,RH-0084,Uwineza Laurette,ES RWAHI,,55.2,58.5,57
9/6/29,2022_2023,RH-0085,Ndayisaba Germain,GS KIVUGIZA,,43.6,43.7,48.1